OBJECTID,ID,Name,LastUpdated,Area,Length
1,155624,Lambert's and Coney's Castle,12/20/2016 3:45:35 PM,73705.3884410858,1451.38444653366
2,160404,Bath Assembly Rooms,12/20/2016 3:45:35 PM,2545.82475662231,202.966086378684
3,188524,Brownsea Island,12/20/2016 3:45:35 PM,2251719.47814178,7194.95237828528
4,40670,Kingston Lacy,12/20/2016 3:45:35 PM,1646451.20269394,6247.80669002851
5,159642,Arlington Court,12/20/2016 3:45:35 PM,1626807.49967194,13860.3286889128
6,177309,Knightshayes,12/20/2016 3:45:35 PM,1055583.27243423,5053.60566388333
7,42447,Parke,12/20/2016 3:45:35 PM,869368.520149231,5028.55790982257
8,155682,West Bexington and Cogden,12/20/2016 3:45:35 PM,702566.065034866,5058.64619435496
9,155711,Burton Bradstock,12/20/2016 3:45:35 PM,672584.630414963,4238.27099485711
10,127233,Golden Cap,12/20/2016 3:45:35 PM,647895.04173851,3909.00079432382
11,155652,Turnworth Down,12/20/2016 3:45:35 PM,529308.751113892,3489.47796518872
12,214251,Golden Cap,12/20/2016 3:45:35 PM,864576.989713669,6729.00588351822
13,155708,Ringstead Bay,12/20/2016 3:45:35 PM,475723.604711533,4335.37021241737
14,155698,Ringstead Bay,12/20/2016 3:45:35 PM,435510.173477173,2819.69432482598
15,44562,Lydford Gorge,12/20/2016 3:45:35 PM,400932.913351059,6872.66271927948
16,296587,Killerton,12/20/2016 3:45:35 PM,338058.698711395,2886.95481245129
17,42474,Castle Drogo,12/20/2016 3:45:35 PM,196411.858745575,3348.27850407538
18,41151,Greenaleigh,12/20/2016 3:45:35 PM,176147.291713715,2205.61837777448
19,155712,Burton Bradstock,12/20/2016 3:45:35 PM,199236.516841888,2406.47926905937
20,297613,North Helford,12/20/2016 3:45:35 PM,157450.447885513,3664.11455972111
21,42145,Dunster Castle,12/20/2016 3:45:35 PM,179669.145626068,2244.49638679732
22,142362,Golden Cap,12/20/2016 3:45:35 PM,148013.846263885,1958.91748565154
23,296085,Coleton Fishacre,12/20/2016 3:45:35 PM,143389.72385788,2363.75624799948
24,42458,Parke,12/20/2016 3:45:35 PM,135715.925813675,2129.73225610577
25,296276,Lanhydrock,12/20/2016 3:45:35 PM,117214.556616783,2607.76078717101
26,296089,Greenway,12/20/2016 3:45:35 PM,125660.443125725,2149.16972243926
27,171776,Stourhead,12/20/2016 3:45:35 PM,115071.36926651,4139.85724978927
28,290069,Prior Park,12/20/2016 3:45:35 PM,113260.840545654,1615.42281229967
29,159198,Cotehele,12/20/2016 3:45:35 PM,111364.669915199,1658.66306355904
30,214252,Golden Cap,12/20/2016 3:45:35 PM,104057.367277145,1441.43060404491
31,165264,St Michael's Mount,12/20/2016 3:45:35 PM,90526.1281561852,1884.72357513091
32,42406,Saltram,12/20/2016 3:45:35 PM,75959.5934963226,1741.92031193265
33,155681,Golden Cap,12/20/2016 3:45:35 PM,71201.5805416107,1334.70911850584
34,155713,Burton Bradstock,12/20/2016 3:45:35 PM,67104.439655304,1108.85943810598
35,117949,Lydford Gorge,12/20/2016 3:45:35 PM,67163.4065570831,1922.20811637077
36,155689,Lambert's and Coney's Castle,12/20/2016 3:45:35 PM,85598.180809021,2114.27323677294
37,40425,Stourhead,12/20/2016 3:45:35 PM,44392.6119384766,1085.72068551648
38,164836,Trelissick,12/20/2016 3:45:35 PM,45789.4919338226,1231.01829811633
39,156235,Trerice,12/20/2016 3:45:35 PM,39218.4565868378,1064.70559369977
40,172193,Montacute House,12/20/2016 3:45:35 PM,40490.9056625366,1632.08799909628
41,40648,"Courts, Holt",12/20/2016 3:45:35 PM,27662.0295448303,814.099497937507
42,40651,Great Chalfield Manor & Garden,12/20/2016 3:45:35 PM,30241.6025543213,794.078793635311
43,169509,Clouds Hill,12/20/2016 3:45:35 PM,19360.2249526978,620.083394637234
44,155707,Ringstead Bay,12/20/2016 3:45:35 PM,21706.5405578613,627.391729279771
45,165248,Mullion and Poldhu,12/20/2016 3:45:35 PM,20439.8013412952,831.809586533312
46,296962,Trerice,12/20/2016 3:45:35 PM,21008.6533460617,709.024472996751
47,40064,Tintinhull House and Garden,12/20/2016 3:45:35 PM,16420.440448761,710.18104575151
48,42615,Compton Castle,12/20/2016 3:45:35 PM,14383.1180305481,536.601648542398
49,45169,Overbeck's,12/20/2016 3:45:35 PM,11653.1155118942,586.453035142914
50,162372,Buckland Abbey,12/20/2016 3:45:35 PM,18554.3889274597,652.101144087338
51,155680,Corfe Castle,12/20/2016 3:45:35 PM,15638.946056366,578.471921131542
52,42042,Holnicote,12/20/2016 3:45:35 PM,10724.9743843079,496.591692773187
53,296593,A La Ronde,12/20/2016 3:45:35 PM,11667.9827404022,551.708040701471
54,45020,Shute Barton,12/20/2016 3:45:35 PM,9045.69076728821,744.675847385244
55,,Bradley Manor,4/28/2017 11:59:28 AM,9799.77997398376,409.419342685814
56,202418,Dinton Park and Philipps House,12/20/2016 3:45:35 PM,3234.15088272095,238.045270305782
57,127236,Hardy's Cottage,12/20/2016 3:45:35 PM,3862.84956359863,307.9297459756
58,40058,"Treasurer's House, Martock",12/20/2016 3:45:35 PM,2606.36670303345,220.224153394018
59,171866,Stourhead,12/20/2016 3:45:35 PM,4156.15774536133,272.452261674275
60,127216,Mompesson House,12/20/2016 3:45:35 PM,1330.68078231812,170.543480374586
61,40057,Stoke-Sub-Hamdon Priory,12/20/2016 3:45:35 PM,350.396255493164,116.398449484995
62,40172,Stembridge Tower Mill,12/20/2016 3:45:35 PM,1538.88194656372,154.418077127528
63,40297,"Priest's House, Muchelney",12/20/2016 3:45:35 PM,632.966674804688,105.535729807744
64,172194,Barrington Court,12/20/2016 3:45:35 PM,659.402858734131,149.577852703805
65,40125,King John's Hunting Lodge,12/20/2016 3:45:35 PM,111.67151260376,43.8629740851018
66,127251,Widecombe in the Moor,12/20/2016 3:45:35 PM,646.140726089478,111.923164251341
67,43475,Fowey,12/20/2016 3:45:35 PM,846.050681114197,123.797317502522
68,177366,Cubert and The Kelseys,12/20/2016 3:45:35 PM,343.293603897095,67.6798437993526
69,165235,East Pool Mine,12/20/2016 3:45:35 PM,486.443491458893,89.3412705684966
70,202420,Dinton Park and Philipps House,12/20/2016 3:45:35 PM,1238.22470092773,147.274692465163
71,988991,Polden Hills,12/20/2016 3:45:35 PM,4155.5884552002,257.294475209969
72,1069777,Fyne Court,12/20/2016 3:45:35 PM,78280.0551757813,1516.94913090324
73,1175008,Middlebere and Hartland,12/20/2016 3:45:35 PM,490769.883638382,3556.36813702784
74,1230177,Golden Cap,12/20/2016 3:45:35 PM,3867204.09396172,20783.4110555809
75,1285489,Lambert's and Coney's Castle,12/20/2016 3:45:35 PM,82849.0758991241,1299.89100512064
76,1285526,Middlebere and Hartland,12/20/2016 3:45:35 PM,872135.312633514,7667.66049032628
77,1619036,West Bexington and Cogden,12/20/2016 3:45:35 PM,24186.948551178,713.381820881381
78,1756593,Lytes Cary Manor,12/20/2016 3:45:35 PM,21259.1985092163,624.053212915444
79,2117252,Golden Cap,12/20/2016 3:45:35 PM,12224.6974906921,612.26551288647
80,2117256,Golden Cap,12/20/2016 3:45:35 PM,31124.3413295746,1148.71336551387
81,2267000,Dinton Park and Philipps House,12/20/2016 3:45:35 PM,523154.308223724,3904.07289414893
82,2267002,Dinton Park and Philipps House,12/20/2016 3:45:35 PM,40812.1351699829,796.058674170696
83,40229,Shirehampton Park,12/20/2016 3:45:35 PM,366251.965492249,3053.442733846
84,127471,Ebworth,12/20/2016 3:45:35 PM,3340847.0619278,11722.1226012655
85,225153,Dyrham,12/20/2016 3:45:35 PM,1066520.5078125,5308.29959269865
86,40513,Horton Court,12/20/2016 3:45:35 PM,342643.551826477,2965.91354148451
87,127444,Ebworth,12/20/2016 3:45:35 PM,213685.277694702,1819.1334726502
88,40615,Wotton-under-Edge,12/20/2016 3:45:35 PM,170520.451927185,3227.71136817546
89,177248,Hidcote,12/20/2016 3:45:35 PM,59687.9456253052,1176.70772468259
90,127443,Ebworth,12/20/2016 3:45:35 PM,47250.53490448,1014.6604655323
91,40135,Clevedon Court,12/20/2016 3:45:35 PM,43503.6882514954,1108.92495194163
92,40679,Lacock,12/20/2016 3:45:35 PM,46543.8655090332,1742.70365531867
93,127442,Chedworth Roman Villa,12/20/2016 3:45:35 PM,26562.3260574341,751.369607410913
94,127447,Ebworth,12/20/2016 3:45:35 PM,27995.2440567017,807.483125148364
95,157838,Sherborne Park,12/20/2016 3:45:35 PM,16437.2812576294,643.984503341138
96,127441,Westbury Court Garden,12/20/2016 3:45:35 PM,19090.2002487183,591.18814489636
97,127413,Snowshill Manor and Garden,12/20/2016 3:45:35 PM,1811.51188659668,193.685442053644
98,187157,Snowshill Manor and Garden,12/20/2016 3:45:35 PM,1057.03579711914,186.37557349963
99,127421,Ashleworth Tithe Barn,12/20/2016 3:45:35 PM,607.621307373047,107.612867618541
100,117541,Horton Court,12/20/2016 3:45:35 PM,718.347564697266,118.436747769234
101,117543,Horton Court,12/20/2016 3:45:35 PM,154.287307739258,51.9646764070103
102,171984,Westbury College Gatehouse,12/20/2016 3:45:35 PM,953.791370391846,148.79649538668
103,,Avebury,4/28/2017 11:59:28 AM,15255.0217132568,547.041043523553
104,,Ringstead Bay,4/28/2017 11:59:28 AM,518093.533159256,4062.83030827021
105,40925,Middle Hope,12/20/2016 3:45:35 PM,605081.694797516,7187.92402287445
106,225178,Bath Skyline,12/20/2016 3:45:35 PM,79153.8296508789,1612.13137268975
107,127503,Northey Island,12/20/2016 3:45:35 PM,1021870.66246033,8671.90680185451
108,127488,Ashridge Estate,12/20/2016 3:45:35 PM,788920.857162476,5650.02941025234
109,296016,Ashridge Estate,12/20/2016 3:45:35 PM,511369.465171814,3727.75061544624
110,127493,Blake's Wood,12/20/2016 3:45:35 PM,414239.965675354,3601.68108158167
111,127492,Ashridge Estate,12/20/2016 3:45:35 PM,388454.556312561,3219.89548559918
112,127485,Ray Island,12/20/2016 3:45:35 PM,385448.340858459,5089.43652828491
113,127491,Ashridge Estate,12/20/2016 3:45:35 PM,186092.908973694,2173.48353912282
114,127496,Northey Island,12/20/2016 3:45:35 PM,162941.13974762,2134.36518145068
115,296000,Ashridge Estate,12/20/2016 3:45:35 PM,88254.8152084351,1501.91610242474
116,127427,Hatfield Forest,12/20/2016 3:45:35 PM,15176.5647583008,656.56194834861
117,127428,Whipsnade,12/20/2016 3:45:35 PM,27239.1551895142,727.584231301156
118,127422,Bourne Mill,12/20/2016 3:45:35 PM,15328.2834396362,567.035926982514
119,64199,Rayleigh Mount,12/20/2016 3:45:35 PM,16933.1028747559,500.660463070698
120,127410,Thorington Hall & Studio,12/20/2016 3:45:35 PM,11789.8739318848,433.562808404094
121,127482,Shaw's Corner,12/20/2016 3:45:35 PM,13580.6500396729,480.346148980472
122,127495,Northey Island,12/20/2016 3:45:35 PM,10925.732635498,609.800706587183
123,127424,Paycocke's House and Cottage,12/20/2016 3:45:35 PM,2455.83879089355,262.94775050887
124,127411,Thorington Hall & Studio,12/20/2016 3:45:35 PM,936.350952148438,137.393506470398
125,127425,Coggeshall Grange Barn,12/20/2016 3:45:35 PM,1989.89677429199,190.994062463429
126,2265096,Morven Park,12/20/2016 3:45:35 PM,9582.39636230469,414.690455413563
127,145007,Anglesey Abbey,12/20/2016 3:45:35 PM,473518.48626709,3574.19068127696
128,79890,Orford Ness,12/20/2016 3:45:35 PM,7472230.2227478,38955.2176449124
129,126807,Blakeney,12/20/2016 3:45:35 PM,5085804.63035583,16562.7555487589
130,127384,Wicken Fen,12/20/2016 3:45:35 PM,2128411.99858093,10534.9653105544
131,127404,Melford Hall,12/20/2016 3:45:35 PM,559548.430679321,3191.42275339115
132,142341,Horsey,12/20/2016 3:45:35 PM,346657.123062134,7729.97693319954
133,127399,Wimpole,12/20/2016 3:45:35 PM,167774.156295776,2587.01819769619
134,79892,Orford Ness,12/20/2016 3:45:35 PM,162647.054321289,2827.40735029752
135,127365,Blickling,12/20/2016 3:45:35 PM,162860.770050049,2099.74906638406
136,79893,Orford Ness,12/20/2016 3:45:35 PM,134518.154312134,4755.64419409533
137,126837,Oxburgh Hall,12/20/2016 3:45:35 PM,124294.811004639,1848.6007779659
138,127374,Oxburgh Hall,12/20/2016 3:45:35 PM,95061.6247711182,1793.02642667115
139,127364,Felbrigg,12/20/2016 3:45:35 PM,19895.5601196289,643.111758269487
140,298487,Ickworth,12/20/2016 3:45:35 PM,34654.2917480469,820.296886053811
141,127368,Peckover House,12/20/2016 3:45:35 PM,9201.34880065918,464.151010710986
142,127366,St George's Guildhall,12/20/2016 3:45:35 PM,3184.62504577637,330.82805340707
143,127391,Theatre Royal,12/20/2016 3:45:35 PM,939.577255249023,127.271920989064
144,127403,Guildhall Of Corpus Christi,12/20/2016 3:45:35 PM,2014.20133972168,182.5295401228
145,144851,Ramsey Abbey Gatehouse,12/20/2016 3:45:35 PM,443.891632080078,105.65892756841
146,144850,Houghton Mill,12/20/2016 3:45:35 PM,394.048065185547,91.1617002139842
147,144849,Willington,12/20/2016 3:45:35 PM,140.52904510498,47.6878398221983
148,144663,"4 South Quay, Great Yarmouth",12/20/2016 3:45:35 PM,251.956329345703,63.8181838759515
149,1481223,Wicken Fen,12/20/2016 3:45:35 PM,1934127.07940674,9117.06168615422
150,1481224,Wicken Fen,12/20/2016 3:45:35 PM,868210.038909912,6328.70754603688
151,2672595,Felbrigg,12/20/2016 3:45:35 PM,10788.359954834,415.892549268833
152,,Peckover House,12/20/2016 3:45:35 PM,105080.471801758,1551.4315890705
153,116147,Langdon Cliffs & Foxhill Down,12/20/2016 3:45:35 PM,7812.74267578125,355.374990306344
154,127218,Petworth House and Park,12/20/2016 3:45:35 PM,2908354.96257019,7677.59683133754
155,177301,Stowe,12/20/2016 3:45:35 PM,2709474.80588531,20314.2419426105
156,127187,Basildon Park,12/20/2016 3:45:35 PM,1608679.5502243,5929.90331439141
157,127254,Cliveden Estate,12/20/2016 3:45:35 PM,1114794.84632111,10193.3791423783
158,127202,Hatchlands Park,12/20/2016 3:45:35 PM,745142.831924438,4774.44313192227
159,116140,Selsdon Wood,12/20/2016 3:45:35 PM,791917.985626221,3706.46741658228
160,116150,Wakehurst Place,12/20/2016 3:45:35 PM,595100.486747742,6702.46244979479
161,127429,Waddesdon Manor,12/20/2016 3:45:35 PM,504765.98614502,4740.38908206709
162,116839,Winkworth Arboretum,12/20/2016 3:45:35 PM,477896.622146606,5123.37922391483
163,189588,Osterley Park and House,12/20/2016 3:45:35 PM,415868.913833618,4596.50496555628
164,296018,Ashridge Estate,12/20/2016 3:45:35 PM,395338.095108032,4495.66040115974
165,127434,Ashridge Estate,12/20/2016 3:45:35 PM,357097.419555664,3299.41217604762
166,116148,Standen House and Garden,12/20/2016 3:45:35 PM,150189.804161072,3598.25150484519
167,141765,Polesden Lacey,12/20/2016 3:45:35 PM,266304.456939697,4444.58703015489
168,116818,Claremont Landscape Garden,12/20/2016 3:45:35 PM,203567.641090393,1934.0425963384
169,127259,Uppark House and Garden,12/20/2016 3:45:35 PM,188446.017478943,3026.81156198145
170,127460,West Wycombe Park,12/20/2016 3:45:35 PM,194229.765563965,2902.33795933568
171,117188,River Wey Navigations,12/20/2016 3:45:35 PM,171019.028900146,14789.9691485368
172,116815,Nymans Estate,12/20/2016 3:45:35 PM,109397.762561798,1819.35386254772
173,177304,Stowe,12/20/2016 3:45:35 PM,101931.57749939,3705.67993389339
174,177423,Mottisfont,12/20/2016 3:45:35 PM,94473.4284477234,1633.24909931513
175,177294,Stowe,12/20/2016 3:45:35 PM,86118.0721130371,1523.74081973294
176,117125,River Wey Navigations,12/20/2016 3:45:35 PM,81999.725440979,7806.39930517123
177,127484,Boarstall Duck Decoy,12/20/2016 3:45:35 PM,72374.7093658447,1582.33420542059
178,117187,River Wey Navigations,12/20/2016 3:45:35 PM,72144.8987884521,6088.29802680192
179,116144,Chartwell,12/20/2016 3:45:35 PM,66376.7644882202,1534.2798109591
180,173187,Ashridge Estate,12/20/2016 3:45:35 PM,62008.1911087036,1016.53171543697
181,122842,Clandon Park,12/20/2016 3:45:35 PM,58762.4628295898,1094.38869092852
182,177446,Vyne Estate,12/20/2016 3:45:35 PM,80044.5477600098,1962.29050830314
183,117029,River Wey Navigations,12/20/2016 3:45:35 PM,51543.7145080566,5088.44278411784
184,127191,Ham House and Garden,12/20/2016 3:45:35 PM,53487.025428772,978.259403627389
185,116143,Ightham Mote,12/20/2016 3:45:35 PM,51472.1542053223,1021.49728804606
186,116753,Scotney Castle,12/20/2016 3:45:35 PM,54481.013168335,1117.24546462187
187,116137,Morden Hall Park,12/20/2016 3:45:35 PM,45717.7971878052,1089.84601386126
188,179842,Bramber Castle,12/20/2016 3:45:35 PM,42202.7913208008,881.304676849721
189,127420,Claydon House,12/20/2016 3:45:35 PM,36032.6437530518,1843.39479127714
190,177488,Dorneywood House and Gardens,12/20/2016 3:45:35 PM,31320.186164856,1016.86797864781
191,177444,Hinton Ampner,12/20/2016 3:45:35 PM,50494.6591072083,1224.09378134504
192,127203,River Wey Navigations,12/20/2016 3:45:35 PM,29552.026725769,2116.98392260385
193,116981,River Wey Navigations,12/20/2016 3:45:35 PM,28448.2365722656,2165.89264268006
194,140699,Mottistone Estate,12/20/2016 3:45:35 PM,26056.4560890198,760.803777851026
195,127185,Greys Court,12/20/2016 3:45:35 PM,45454.0081787109,1267.07743105252
196,127225,"Monk's House, Rodmell",12/20/2016 3:45:35 PM,7732.69281005859,403.482216740388
197,117031,River Wey Navigations,12/20/2016 3:45:35 PM,24342.7205657959,1840.86469306402
198,141937,Toys Hill,12/20/2016 3:45:35 PM,85422.9755630493,2430.17102375796
199,117035,River Wey Navigations,12/20/2016 3:45:35 PM,19113.4017715454,1579.70023047239
200,127498,Hughenden,12/20/2016 3:45:35 PM,21885.4267959595,600.955011941499
201,127201,West Green House,12/20/2016 3:45:35 PM,20381.7877731323,652.666501780886
202,116751,Sissinghurst Castle Garden,12/20/2016 3:45:35 PM,16985.239906311,579.898618092351
203,116978,Bodiam Castle,12/20/2016 3:45:35 PM,17210.0553817749,512.416091795991
204,116157,Bateman's,12/20/2016 3:45:35 PM,17699.7146530151,751.675892495528
205,116141,Knole,12/20/2016 3:45:35 PM,108443.453010559,1379.9735723068
206,173193,Ashridge Estate,12/20/2016 3:45:35 PM,16451.4376525879,539.196982250114
207,127206,River Wey Navigations,12/20/2016 3:45:35 PM,17437.1605453491,2307.57185283253
208,127186,Basildon Park,12/20/2016 3:45:35 PM,16927.3796768188,770.30870579553
209,116754,St John's Jerusalem,12/20/2016 3:45:35 PM,20247.6508331299,558.233436573606
210,127189,"The Goswells, Windsor",12/20/2016 3:45:35 PM,11270.9533081055,451.701415519976
211,117039,River Wey Navigations,12/20/2016 3:45:35 PM,10434.7379074097,1567.8852263936
212,117196,Owletts,12/20/2016 3:45:35 PM,3908.11282348633,399.692435550927
213,116760,Alfriston Clergy House,12/20/2016 3:45:35 PM,8900.59325790405,581.57034606963
214,127204,River Wey Navigations,12/20/2016 3:45:35 PM,8564.55481719971,700.789593903939
215,127205,River Wey Navigations,12/20/2016 3:45:35 PM,6174.0493850708,735.756164513714
216,127497,Princes Risborough Manor House,12/20/2016 3:45:35 PM,6185.51327514648,332.714160761033
217,127250,West Wight,12/20/2016 3:45:35 PM,6647.66848754883,387.895194921102
218,145796,Stoneacre,12/20/2016 3:45:35 PM,3212.68446350098,226.856025385391
219,178664,Smallhythe Place,12/20/2016 3:45:35 PM,4650.52795410156,304.011190436278
220,143804,Lindsey House,12/20/2016 3:45:35 PM,2287.14747619629,197.688090311174
221,199282,Sprivers,12/20/2016 3:45:35 PM,3214.50955963135,262.392341646243
222,188630,Fenton House,12/20/2016 3:45:35 PM,4718.60676574707,374.751057309242
223,127200,Cedar House,12/20/2016 3:45:35 PM,2092.90115356445,190.828959976483
224,126770,The King's Head,12/20/2016 3:45:35 PM,3321.23255157471,303.377592653694
225,143840,Ham House and Garden,12/20/2016 3:45:35 PM,5182.92993164063,631.639089901306
226,127182,Cliveden Estate,12/20/2016 3:45:35 PM,2679.48708343506,376.165538127665
227,127211,Shalford Mill,12/20/2016 3:45:35 PM,2927.89734649658,294.114048048537
228,117012,River Wey Navigations,12/20/2016 3:45:35 PM,3038.61656951904,292.084636582197
229,117033,River Wey Navigations,12/20/2016 3:45:35 PM,3525.68153381348,369.243245430245
230,117123,River Wey Navigations,12/20/2016 3:45:35 PM,6079.35779571533,1002.02803943969
231,116158,Lamb House Rye,12/20/2016 3:45:35 PM,1466.24975585938,180.51744766564
232,116129,Sutton House,12/20/2016 3:45:35 PM,801.604103088379,124.860901664665
233,143808,Blewcoat School,12/20/2016 3:45:35 PM,192.740783691406,55.7437000749276
234,,Roman Bath,4/28/2017 11:59:28 AM,102.898910522461,40.702158957606
235,143832,"George Inn, Southwark",12/20/2016 3:45:35 PM,90.6695098876953,38.1903535086551
236,116131,Carlyle's House,12/20/2016 3:45:35 PM,1137.70874023438,139.076823915955
237,117194,Old Soar Manor,12/20/2016 3:45:35 PM,294.586318969727,71.9819605447363
238,117684,2 Willow Road,4/28/2017 11:59:28 AM,492.289169311523,129.086290985533
239,116142,Quebec House,12/20/2016 3:45:35 PM,1464.93728637695,154.717968024921
240,184070,Cliveden Estate,12/20/2016 3:45:35 PM,335.086753845215,74.8945308944057
241,127483,Ashridge Estate,12/20/2016 3:45:35 PM,555.339897155762,85.1862675592378
242,127181,Cliveden Estate,12/20/2016 3:45:35 PM,1184.45030212402,185.878235343679
243,127183,Cliveden Estate,12/20/2016 3:45:35 PM,1526.16228485107,329.88010280292
244,117037,River Wey Navigations,12/20/2016 3:45:35 PM,1165.98690795898,145.196607692098
245,177276,Long Crendon Courthouse,12/20/2016 3:45:35 PM,517.302940368652,100.096625812448
246,127217,Winchester City Mill,12/20/2016 3:45:35 PM,647.053394317627,174.499893720341
247,126495,Sandham Memorial Chapel,12/20/2016 3:45:35 PM,1917.59306335449,189.040089474475
248,2222698,Reigate Hill and Gatton Park,12/20/2016 3:45:35 PM,19057.4406433105,588.864378432928
249,2222916,Standen House and Garden,12/20/2016 3:45:35 PM,60778.6160430908,1613.36081565488
250,3017200,Hatchlands Park,12/20/2016 3:45:35 PM,42777.7588424683,3270.08420095879
251,123912,Ashdown House,12/20/2016 3:45:35 PM,466752.074783325,3726.48576885672
252,123913,Buscot and Coleshill Estates,12/20/2016 3:45:35 PM,202922.727668762,2456.4593135372
253,123912,Ashdown House,12/20/2016 3:45:35 PM,159027.331817627,2055.07793019152
254,177392,Buscot and Coleshill Estates,12/20/2016 3:45:35 PM,5213.89925384521,298.448838131838
255,177418,Buscot and Coleshill Estates,12/20/2016 3:45:35 PM,3263.53595733643,282.528210230722
256,1068875,Chastleton House,12/20/2016 3:45:35 PM,102423.558494568,1509.24286163136
257,1068877,Chastleton House,12/20/2016 3:45:35 PM,14419.1615600586,555.977700750014
258,1068878,Chastleton House,12/20/2016 3:45:35 PM,871.519561767578,124.660254595419
259,127423,Ascott Estate,12/20/2016 3:45:35 PM,180726.865371704,2841.5783652482
260,116156,Sheffield Park and Garden,12/20/2016 3:45:35 PM,752651.633419037,5880.33938674745
261,127562,Clumber Park,12/20/2016 3:45:35 PM,6966757.18745422,34958.8567261527
262,127551,Clumber Park,12/20/2016 3:45:35 PM,4314603.48878479,14824.2915337908
263,127591,Kedleston Hall,12/20/2016 3:45:35 PM,3301236.62065125,8198.45121113648
264,127593,Belton House,12/20/2016 3:45:35 PM,3210447.05569458,7588.89853654727
265,178811,Hardwick,12/20/2016 3:45:35 PM,1404943.61978149,6691.71312485833
266,140932,Calke Abbey,12/20/2016 3:45:35 PM,1318421.88545227,7564.64799577113
267,127592,Belton House,12/20/2016 3:45:35 PM,1252281.48213196,6482.11533087367
268,127552,Clumber Park,12/20/2016 3:45:35 PM,481903.251907349,3932.12700766981
269,127477,Lyveden,12/20/2016 3:45:35 PM,110873.117797852,1575.7791161109
270,177270,Farnborough Hall,12/20/2016 3:45:35 PM,43711.134185791,2335.11590358867
271,127405,Upton House,12/20/2016 3:45:35 PM,71920.8602752686,1823.45176801616
272,126517,Ulverscroft,12/20/2016 3:45:35 PM,34460.6530914307,905.771464539211
273,127362,Gunby Hall Estate,12/20/2016 3:45:35 PM,33262.8874206543,721.63389821958
274,127401,Canons Ashby,12/20/2016 3:45:35 PM,28905.058555603,727.812887971841
275,238615,Tattershall Castle,12/20/2016 3:45:35 PM,23862.8236083984,940.376133361193
276,127596,Woolsthorpe Manor,12/20/2016 3:45:35 PM,7891.18754577637,387.988144307437
277,127049,Duffield Castle,12/20/2016 3:45:35 PM,9780.6057434082,416.345287683024
278,177247,Grantham House,12/20/2016 3:45:35 PM,4226.61686706543,287.61762697061
279,127402,Canons Ashby,12/20/2016 3:45:35 PM,5694.87793731689,327.790218186803
280,135557,Gunby Hall Estate,12/20/2016 3:45:35 PM,305.241760253906,82.0946389528272
281,135244,Priest's House,4/28/2017 11:59:28 AM,49.0025177001953,28.749374977422
282,127599,Staunton Harold Church,12/20/2016 3:45:35 PM,1216.44163513184,130.227143478636
283,126432,Middle Littleton Tithe Barn,12/20/2016 3:45:35 PM,564.077125549316,124.005314168745
284,205903,Kinwarton Dovecote,12/20/2016 3:45:35 PM,514.634979248047,88.8671065477633
285,183087,Hamps and Manifold Valleys,12/20/2016 3:45:35 PM,1286456.12815857,10209.4354046009
286,207992,Dovedale,12/20/2016 3:45:35 PM,891171.788070679,4687.6850582586
287,133946,Shugborough Estate,12/20/2016 3:45:35 PM,1254893.9850235,6696.89717844114
288,126540,Kinver Edge,12/20/2016 3:45:35 PM,1126048.77702332,5685.47447379149
289,127377,Wilderhope Manor,12/20/2016 3:45:35 PM,1090665.50748444,5276.81738363765
290,140262,Attingham Park,12/20/2016 3:45:35 PM,1450550.97676849,9903.09917137094
291,126566,Croft Castle,12/20/2016 3:45:35 PM,263479.257545471,4424.31266552202
292,183691,Ilam Park,12/20/2016 3:45:35 PM,183999.732589722,2311.97085055806
293,208001,Dovedale,12/20/2016 3:45:35 PM,260989.0184021,3981.68332064053
294,207999,Hamps and Manifold Valleys,12/20/2016 3:45:35 PM,243632.96043396,2544.73171975106
295,127499,Charlecote Park,12/20/2016 3:45:35 PM,652357.575363159,5824.42266534408
296,127561,Miller's Dale & Ravenstor,12/20/2016 3:45:35 PM,176196.304748535,3779.54301571641
297,208003,Longshaw Estate,12/20/2016 3:45:35 PM,170776.999603271,2093.58793472382
298,133959,Wenlock Edge,12/20/2016 3:45:35 PM,105410.454627991,2021.51192760884
299,139751,Wenlock Edge,12/20/2016 3:45:35 PM,96524.4486160278,1725.50707491393
300,127572,Biddulph Grange Garden,12/20/2016 3:45:35 PM,92804.2187042236,2171.52715157094
301,126536,Kinver Edge,12/20/2016 3:45:35 PM,80684.4677963257,1205.63682809362
302,183794,Dudmaston,12/20/2016 3:45:35 PM,70075.2735824585,1371.74897198585
303,207997,Dovedale,12/20/2016 3:45:35 PM,52020.3508300781,1337.22734399005
304,127383,Baddesley Clinton,12/20/2016 3:45:35 PM,65414.6515960693,1475.77415601695
305,127595,Sudbury Hall,12/20/2016 3:45:35 PM,57251.8776092529,1099.57501575428
306,127389,Berrington Hall,12/20/2016 3:45:35 PM,45313.1413421631,834.63520301348
307,127375,Wightwick Manor,12/20/2016 3:45:35 PM,67936.5588912964,1647.70388198154
308,127407,The Weir Garden,12/20/2016 3:45:35 PM,41253.4915542603,1734.97555406743
309,207995,Dovedale,12/20/2016 3:45:35 PM,38520.9252471924,942.312593135155
310,127590,Norbury: The Old Manor,12/20/2016 3:45:35 PM,29708.4502258301,1019.76168204866
311,152178,Sudbury Hall,12/20/2016 3:45:35 PM,24214.5900268555,941.217977151623
312,142404,Coughton Court,12/20/2016 3:45:35 PM,20470.53565979,740.858068243244
313,140697,Benthall Hall,12/20/2016 3:45:35 PM,16546.3550720215,715.08871511644
314,127383,Packwood House,12/20/2016 3:45:35 PM,87984.604309082,1830.43849023708
315,127406,Fleece Inn Bretforton,12/20/2016 3:45:35 PM,3211.92951202393,269.539867241727
316,127370,Wall Roman Site (Letocetum),12/20/2016 3:45:35 PM,4833.53621673584,301.151255340385
317,3524476,Brockhampton Estate,12/20/2016 3:45:35 PM,64906.0253829956,1341.37445143188
318,208002,Curbar Gap,12/20/2016 3:45:35 PM,5227.50476074219,369.95415874234
319,208003,Longshaw Estate,12/20/2016 3:45:35 PM,5742.89770507813,391.11964968128
320,127398,The Greyfriars,12/20/2016 3:45:35 PM,1067.81113433838,152.512280290132
321,127409,Bredon Tithe Barn,12/20/2016 3:45:35 PM,550.409301757813,104.608711284602
322,177314,Wichenford Dovecote,12/20/2016 3:45:35 PM,841.559715270996,137.09853478009
323,177322,Hawford Dovecote,12/20/2016 3:45:35 PM,848.422439575195,116.632422275143
324,127400,Brilley,12/20/2016 3:45:35 PM,530.532501220703,101.858584999784
325,989158,Hamps and Manifold Valleys,12/20/2016 3:45:35 PM,167021.089508057,2265.41966190239
326,989159,Hamps and Manifold Valleys,12/20/2016 3:45:35 PM,17287.8809356689,600.796604027444
327,989182,Ilam Park,12/20/2016 3:45:35 PM,97588.3036193848,1250.80914875075
328,,Clent Hills,12/20/2016 3:45:35 PM,7641.96397399902,455.196679164729
329,3524478,Hanbury Hall,12/20/2016 3:45:35 PM,89274.6063461304,1789.23180848877
330,272186,Nostell,12/20/2016 3:45:35 PM,998547.847488403,5592.81043059365
331,127776,Beningbrough Hall,12/20/2016 3:45:35 PM,59990.7573394775,1332.86471120214
332,135243,Maister House,12/20/2016 3:45:35 PM,407.704940795898,87.4977970654123
333,188031,Treasurer's House,12/20/2016 3:45:35 PM,1043.37466430664,187.047167833767
334,177370,Dunham Massey,12/20/2016 3:45:35 PM,1040840.42507935,4673.56432086611
335,141009,Dunham Massey,12/20/2016 3:45:35 PM,357251.41796875,4040.89236819698
336,127065,Lyme,12/20/2016 3:45:35 PM,3275440.8873291,14150.1458880761
337,127805,Tatton Park,12/20/2016 3:45:35 PM,4011671.46269226,13294.588217933
338,141079,Formby,12/20/2016 3:45:35 PM,1683421.50417328,11763.614379667
339,141064,Quarry Bank,12/20/2016 3:45:35 PM,1251279.68922424,14574.9672130645
340,177348,Bickerton Hill,12/20/2016 3:45:35 PM,990478.454803467,10736.3378635088
341,141071,Hare Hill,12/20/2016 3:45:35 PM,776515.620407104,9541.62224335994
342,81066,"Cloud, Congleton",12/20/2016 3:45:35 PM,529552.039855957,4074.57054853963
343,141074,Alderley Edge,12/20/2016 3:45:35 PM,441955.582199097,4676.39239844712
344,127780,Gawthorpe Hall,12/20/2016 3:45:35 PM,216202.406555176,5134.07537142789
345,126894,Helsby Hill,12/20/2016 3:45:35 PM,108740.393127441,2169.11854686558
346,127786,Rufford Old Hall,12/20/2016 3:45:35 PM,59073.7283630371,1470.74626473768
347,127553,Hare Hill,12/20/2016 3:45:35 PM,45861.1891784668,1363.16443911737
348,141055,"Daisy Nook, Medlock Valley",12/20/2016 3:45:35 PM,43714.456817627,1113.50370583771
349,127778,East Riddlesden Hall,12/20/2016 3:45:35 PM,33358.0252685547,982.858511935101
350,141057,"Daisy Nook, Medlock Valley",12/20/2016 3:45:35 PM,23716.4224090576,793.446737294299
351,127006,Lyme,12/20/2016 3:45:35 PM,19635.1261291504,658.989260921188
352,177374,Little Moreton Hall,12/20/2016 3:45:35 PM,19680.6643829346,917.266494664278
353,127029,Maggoty's Wood,12/20/2016 3:45:35 PM,8915.23664855957,504.257111293389
354,127554,Nether Alderley Mill,12/20/2016 3:45:35 PM,1193.26766967773,205.932424598652
355,1321543,Helsby Hill,12/20/2016 3:45:35 PM,3348.35177612305,384.115028141809
356,1321544,Bulkeley Hill Woods,12/20/2016 3:45:35 PM,337680.250724792,2886.94641583025
357,1705412,20 Forthlin Road,12/20/2016 3:45:35 PM,96.3825607299805,40.0650822924161
358,1705414,"Mendips, 251 Menlove Ave",12/20/2016 3:45:35 PM,96.8437881469727,39.55369246044
359,3062810,Gawthorpe Hall,12/20/2016 3:45:35 PM,18576.296081543,845.695785149085
360,3062815,Gawthorpe Hall,12/20/2016 3:45:35 PM,5336.48405456543,694.240240451948
361,3470567,Speke Hall,12/20/2016 3:45:35 PM,308976.066162109,2725.07114988289
362,177493,Cragside,12/20/2016 3:45:35 PM,3892060.46035767,9949.77296869144
363,177447,Gibside,12/20/2016 3:45:35 PM,2358398.2713623,10299.5737363384
364,127749,Upper Wharfedale,12/20/2016 3:45:35 PM,390610.445617676,2686.26055215494
365,127743,Upper Wharfedale,12/20/2016 3:45:35 PM,300502.586868286,2314.09512424283
366,127751,Upper Wharfedale,12/20/2016 3:45:35 PM,877460.324432373,4614.44777444514
367,127745,Upper Wharfedale,12/20/2016 3:45:35 PM,582959.141082764,3412.33058067499
368,127767,Fountains and Studley Royal,12/20/2016 3:45:35 PM,562287.54460144,5502.9148908225
369,272196,Bridestones,12/20/2016 3:45:35 PM,423222.737106323,2999.90436429867
370,127621,Wallington,12/20/2016 3:45:35 PM,398268.081665039,5112.24376198412
371,266279,Durham Coast,12/20/2016 3:45:35 PM,365491.424728394,2513.89855878271
372,127774,Malham Tarn Estate,12/20/2016 3:45:35 PM,272201.276916504,3386.33847900597
373,127772,Malham Tarn Estate,12/20/2016 3:45:35 PM,259583.467010498,2261.67040953712
374,228570,Upper Wharfedale,12/20/2016 3:45:35 PM,235910.687561035,2506.67397317193
375,147804,Hummersea,12/20/2016 3:45:35 PM,213393.255020142,3268.0808037746
376,155465,Ullswater,12/20/2016 3:45:35 PM,194771.957870483,2124.92064813613
377,266291,Durham Coast,12/20/2016 3:45:35 PM,161525.676696777,2153.97013864453
378,177501,Lindisfarne Castle,12/20/2016 3:45:35 PM,145293.145492554,1851.90708446391
379,127622,Wallington,12/20/2016 3:45:35 PM,139767.306732178,2387.74224011483
380,127758,Upper Wharfedale,12/20/2016 3:45:35 PM,125351.124557495,2189.55336243927
381,127760,Upper Wharfedale,12/20/2016 3:45:35 PM,111195.093704224,1430.7024414027
382,127746,Upper Wharfedale,12/20/2016 3:45:35 PM,103113.160140991,2799.92144628518
383,127741,Rievaulx Terrace,12/20/2016 3:45:35 PM,97105.5020141602,2488.05060771525
384,182430,Farne Islands,12/20/2016 3:45:35 PM,67870.8488616943,1429.68380417679
385,127737,Sizergh,12/20/2016 3:45:35 PM,63099.1817779541,1417.76547113243
386,266772,Fell Foot Park,12/20/2016 3:45:35 PM,109824.810791016,2285.95561076536
387,182403,Farne Islands,12/20/2016 3:45:35 PM,58368.1554107666,1556.0609498241
388,182401,Farne Islands,12/20/2016 3:45:35 PM,46789.6274719238,1504.04410767393
389,127642,Mount Grace Priory,12/20/2016 3:45:35 PM,48078.4545135498,1393.68023337442
390,127725,Hawkshead,12/20/2016 3:45:35 PM,32607.7970428467,889.223250796726
391,127775,Malham Tarn Estate,12/20/2016 3:45:35 PM,31255.978225708,941.235711068798
392,182431,Farne Islands,12/20/2016 3:45:35 PM,30800.368850708,810.808467991149
393,182425,Farne Islands,12/20/2016 3:45:35 PM,29333.7042388916,821.601330595146
394,182410,Farne Islands,12/20/2016 3:45:35 PM,23191.9212646484,681.187338566311
395,127624,Cherryburn,12/20/2016 3:45:35 PM,22803.5120849609,679.953590313194
396,182419,Farne Islands,12/20/2016 3:45:35 PM,19303.7450714111,955.226812789222
397,182433,Farne Islands,12/20/2016 3:45:35 PM,18987.6887207031,596.206569447688
398,162848,Hadrian's Wall Estate,12/20/2016 3:45:35 PM,20176.0602264404,592.348336626317
399,177450,Moulton Hall,12/20/2016 3:45:35 PM,21080.2208709717,656.807228740465
400,266776,Stagshaw Garden and Ambleside,12/20/2016 3:45:35 PM,17507.0514068604,537.815291615624
401,182649,Nunnington Hall,12/20/2016 3:45:35 PM,15678.0163421631,590.131860001146
402,182406,Farne Islands,12/20/2016 3:45:35 PM,13306.7113494873,473.96655231381
403,182427,Farne Islands,12/20/2016 3:45:35 PM,10265.9241333008,461.052672855437
404,127623,Souter Lighthouse and The Leas,12/20/2016 3:45:35 PM,9876.67549133301,459.102219119822
405,182423,Farne Islands,12/20/2016 3:45:35 PM,6294.71801757813,435.386358956741
406,182417,Farne Islands,12/20/2016 3:45:35 PM,7279.18132019043,535.876273964674
407,228574,Upper Wharfedale,12/20/2016 3:45:35 PM,8339.6559753418,396.242788208017
408,127750,Nunnington Hall,12/20/2016 3:45:35 PM,9923.96965026855,459.445159578347
409,182420,Farne Islands,12/20/2016 3:45:35 PM,2988.93865966797,281.638803592954
410,182426,Farne Islands,12/20/2016 3:45:35 PM,2576.85478210449,202.410373437577
411,182435,Farne Islands,12/20/2016 3:45:35 PM,2035.60731506348,220.69865811063
412,182405,Farne Islands,12/20/2016 3:45:35 PM,2101.29643249512,197.812591307655
413,155280,Wordsworth House and Garden,12/20/2016 3:45:35 PM,2103.36695861816,225.899349388979
414,266891,Troutbeck,12/20/2016 3:45:35 PM,2942.81169128418,328.543441060353
415,127626,Washington Old Hall,12/20/2016 3:45:35 PM,3930.38246154785,251.159951394155
416,182418,Farne Islands,12/20/2016 3:45:35 PM,1774.37846374512,201.878516005581
417,182440,Farne Islands,12/20/2016 3:45:35 PM,1754.04530334473,179.209130320655
418,182436,Farne Islands,12/20/2016 3:45:35 PM,1115.03701782227,134.241306220701
419,182437,Farne Islands,12/20/2016 3:45:35 PM,899.419784545898,129.3260651598
420,182404,Farne Islands,12/20/2016 3:45:35 PM,361.998764038086,71.5208720396848
421,182438,Farne Islands,12/20/2016 3:45:35 PM,390.430221557617,80.0500021886212
422,266180,Fell Foot Park,12/20/2016 3:45:35 PM,1588.64195251465,172.23577027522
423,177449,George Stephenson's Birthplace,12/20/2016 3:45:35 PM,323.890167236328,72.1982873927842
424,867884,Ormesby Hall,12/20/2016 3:45:35 PM,682481.509658813,4412.63828688859
425,867886,Ormesby Hall,12/20/2016 3:45:35 PM,356891.471984863,2652.68085334865
426,2624781,Sandscale Haws,12/20/2016 3:45:35 PM,2629332.06411743,8057.0227281181
427,127334,"Cwrt, Henfaes and Porth Simdde",12/20/2016 3:45:35 PM,615647.833717346,4045.61667358103
428,127357,Ysbyty Estate,12/20/2016 3:45:35 PM,25580206.3652954,68671.7308992528
429,127345,Cadair Idris,12/20/2016 3:45:35 PM,1260872.43358612,6262.11699870756
430,158967,Hafod Garegog,12/20/2016 3:45:35 PM,1718810.64741516,7386.2530521227
431,127167,Dinas Island,12/20/2016 3:45:35 PM,565903.466621399,8532.89795712899
432,127297,Hafod y Llan,12/20/2016 3:45:35 PM,531095.89906311,4976.6286015876
433,127289,Carneddau and Glyderau,12/20/2016 3:45:35 PM,1522976.05754852,9897.06736961865
434,127343,Dolobran and Braich Melyn,12/20/2016 3:45:35 PM,484523.563224792,3967.08546188359
435,127175,Marloes Peninsula,12/20/2016 3:45:35 PM,1435478.72548676,8036.34220995789
436,127353,Glan Faenol,12/20/2016 3:45:35 PM,1345784.8525238,7126.50000166818
437,202586,Treginnis Peninsula,12/20/2016 3:45:35 PM,1246005.58433533,6267.86184620068
438,127355,Carneddau and Glyderau,12/20/2016 3:45:35 PM,657942.624160767,4344.0420418387
439,127171,Pwll Caerog,12/20/2016 3:45:35 PM,978009.080982208,4402.13411252997
440,127169,Tregwynt,12/20/2016 3:45:35 PM,897879.029430389,5968.76209486898
441,127308,Pistyll,12/20/2016 3:45:35 PM,319421.258117676,3706.01839914638
442,127172,Solva,12/20/2016 3:45:35 PM,849206.44827652,4839.16066913916
443,127322,Porthor,12/20/2016 3:45:35 PM,861100.937065125,6876.97591687205
444,127170,Barry Island,12/20/2016 3:45:35 PM,739896.35080719,9553.76898604781
445,127287,Plas Newydd,12/20/2016 3:45:35 PM,693777.032844543,7461.15735876685
446,127288,Carneddau and Glyderau,12/20/2016 3:45:35 PM,656521.387924194,4730.26937245274
447,127310,Coedydd Maentwrog,12/20/2016 3:45:35 PM,650518.663520813,8865.95803185477
448,127168,Tresiessyllt,12/20/2016 3:45:35 PM,567672.211456299,5008.98720324546
449,158989,Ynysgain,12/20/2016 3:45:35 PM,606836.155426025,4087.19458018702
450,159089,Solva,12/20/2016 3:45:35 PM,576938.228404999,4646.77129006283
451,127318,Coed Cae Fali,12/20/2016 3:45:35 PM,575348.593185425,5542.58601058635
452,161739,Kete,12/20/2016 3:45:35 PM,540419.981918335,3841.51018996984
453,158979,Hafod-y-Wern,12/20/2016 3:45:35 PM,544492.00037384,3933.09311871688
454,127269,Mynachdy,12/20/2016 3:45:35 PM,537587.57989502,16002.0226163829
455,127309,Rhyd,12/20/2016 3:45:35 PM,285561.065788269,3055.56797879773
456,127282,Bodnant Garden,12/20/2016 3:45:35 PM,349830.738105774,4001.05971654564
457,158981,Hafod-y-Wern,12/20/2016 3:45:35 PM,275035.462371826,2250.77001326078
458,127174,Marloes Peninsula,12/20/2016 3:45:35 PM,339914.69203949,2926.7753827829
459,158982,Morfa and Nant Bach,12/20/2016 3:45:35 PM,315060.669654846,3350.94166740078
460,127359,Morfa Bychan,12/20/2016 3:45:35 PM,307348.823554993,3195.99311109941
461,127327,Plas yn Rhiw,12/20/2016 3:45:35 PM,271281.953109741,2920.50381001904
462,127335,"Cwrt, Henfaes and Porth Simdde",12/20/2016 3:45:35 PM,215291.218101501,2401.78919510954
463,159022,Muriau,12/20/2016 3:45:35 PM,250278.597648621,2257.8903096287
464,127283,Penrhyn Castle,12/20/2016 3:45:35 PM,249078.639518738,4502.21109367769
465,127270,Mynachdy,12/20/2016 3:45:35 PM,231103.023300171,5462.98174237862
466,127307,Aberglaslyn and Beddgelert,12/20/2016 3:45:35 PM,210983.796928406,2075.97263106979
467,127179,West Williamston,12/20/2016 3:45:35 PM,212871.654827118,2480.42209561399
468,127321,Porth Gwylan,12/20/2016 3:45:35 PM,190272.667388916,2178.15341903781
469,127369,Powis Castle and Garden,12/20/2016 3:45:35 PM,184183.692558289,2039.85966537373
470,158969,Hafod-y-Wern,12/20/2016 3:45:35 PM,144818.134590149,2190.6450180156
471,139936,Chirk Castle,12/20/2016 3:45:35 PM,73290.9147949219,1837.55041092785
472,127301,Ysbyty Estate,12/20/2016 3:45:35 PM,123528.338500977,2091.23354816083
473,127313,Rhyd,12/20/2016 3:45:35 PM,44484.9485855103,1075.71725638004
474,127319,Coedydd Maentwrog,12/20/2016 3:45:35 PM,90113.053817749,1934.99613276103
475,142388,Erddig,12/20/2016 3:45:35 PM,95710.4867477417,1218.79310624402
476,127337,Porth Ceiriad,12/20/2016 3:45:35 PM,86643.602973938,1731.89106414502
477,127268,Cemlyn Estate,12/20/2016 3:45:35 PM,78461.7453765869,1470.87333377527
478,127178,Marloes Peninsula,12/20/2016 3:45:35 PM,77304.4777755737,1882.10864530342
479,158987,Ynysgain,12/20/2016 3:45:35 PM,68292.5442657471,1528.9123040186
480,127303,Aberglaslyn and Beddgelert,12/20/2016 3:45:35 PM,157510.556282043,2370.95398954172
481,127314,Coedydd Maentwrog,12/20/2016 3:45:35 PM,57372.2562332153,1460.58505524526
482,127312,Porthdinllaen,12/20/2016 3:45:35 PM,54929.2097167969,2826.70461843618
483,159083,Uwchmynydd,12/20/2016 3:45:35 PM,58543.5607910156,1904.55297399861
484,159084,Plas yn Rhiw,12/20/2016 3:45:35 PM,51618.0656814575,916.149827680933
485,266655,Llanerchaeron,12/20/2016 3:45:35 PM,52533.0073661804,1293.66774966466
486,127316,Porthdinllaen,12/20/2016 3:45:35 PM,49812.8927307129,1954.17209992038
487,158983,Ynysgain,12/20/2016 3:45:35 PM,44355.8757324219,1090.68817459329
488,127338,Uwchmynydd,12/20/2016 3:45:35 PM,82509.6576156616,2499.48729949795
489,127270,Mynachdy,12/20/2016 3:45:35 PM,108195.194328308,2270.15488646388
490,127281,Bodnant Garden,12/20/2016 3:45:35 PM,38429.973991394,1111.44647138568
491,127274,Mynydd y Garn,12/20/2016 3:45:35 PM,36354.0918273926,842.064717586715
492,158988,Ynysgain,12/20/2016 3:45:35 PM,34329.5881958008,775.14734251584
493,127325,Plas yn Rhiw,12/20/2016 3:45:35 PM,28085.7555465698,734.933342740548
494,158984,Ynysgain,12/20/2016 3:45:35 PM,14031.132019043,501.01587384469
495,158985,Ynysgain,12/20/2016 3:45:35 PM,12053.2274551392,535.9881682696
496,127292,Segontium,12/20/2016 3:45:35 PM,11446.0234375,554.710865042496
497,159506,Dinefwr,12/20/2016 3:45:35 PM,13449.9339942932,499.841518547364
498,127331,"Cwrt, Henfaes and Porth Simdde",12/20/2016 3:45:35 PM,13223.310836792,534.294899686595
499,158986,Ynysgain,12/20/2016 3:45:35 PM,8705.83856201172,510.804686079787
500,127329,Plas yn Rhiw,12/20/2016 3:45:35 PM,6598.52429962158,357.639810534945
501,177327,Uwchmynydd,12/20/2016 3:45:35 PM,7720.76235198975,390.12549020504
502,266653,Llanerchaeron,12/20/2016 3:45:35 PM,9017.54467773438,465.243442823757
503,189793,Aberdulais Falls,12/20/2016 3:45:35 PM,5782.59287643433,478.969506316153
504,127315,Coedydd Maentwrog,12/20/2016 3:45:35 PM,2827.40757751465,290.88065732496
505,127333,Llain-y-Morfa,12/20/2016 3:45:35 PM,2791.32986450195,260.773393116133
506,127328,Plas yn Rhiw,12/20/2016 3:45:35 PM,2279.86233520508,234.138933175622
507,127339,Uwchmynydd,12/20/2016 3:45:35 PM,5426.13554382324,325.062524939536
508,127166,Cilgerran Castle,12/20/2016 3:45:35 PM,3855.40567016602,276.439242760781
509,152180,Lawrenny,12/20/2016 3:45:35 PM,3447.06774520874,373.96010052617
510,126922,Plas yn Rhiw,12/20/2016 3:45:35 PM,861.730438232422,115.52140912306
511,989155,Carneddau and Glyderau,12/20/2016 3:45:35 PM,71025.0838012695,1364.56613455072
512,989188,Ysbyty Estate,12/20/2016 3:45:35 PM,89889.9273452759,1856.76298279775
513,989190,Pistyll,12/20/2016 3:45:35 PM,93213.6709442139,1460.16278798328
514,989192,Pistyll,12/20/2016 3:45:35 PM,134158.164131165,2007.07369360315
515,1068454,Aberglaslyn and Beddgelert,12/20/2016 3:45:35 PM,117841.485649109,2216.39592693875
516,1068455,Aberglaslyn and Beddgelert,12/20/2016 3:45:35 PM,10441.9605407715,567.623272870075
517,1068479,Dolmelynllyn Estate,12/20/2016 3:45:35 PM,1947050.07665253,9627.57256666401
518,2477019,Stackpole,12/20/2016 3:45:35 PM,50852.8377952576,945.531989373168
519,2477022,Colby Estate,12/20/2016 3:45:35 PM,143366.010829926,2362.88864341599
520,116570,"Compton, Afton and Brook",4/28/2017 11:59:28 AM,1819.07595443726,211.503825193203
